Provinsi/Kabupaten/Kota,Tingkat Partisipasi Angkatan Kerja Menurut Jenis Kelamin,,,,,,,,,
,,Laki-laki,,,,,Perempuan,,,,,,
,,2018,2019,2020,2021,2022,2018,2019,2020,2021,2022,,
1,ACEH,80.03,80.79,81.47,79.4,81.06,48.24,45.68,48.94,48.36,46.15,,
2,Simeulue,79.73,81.2,83.29,82.29,84.15,48.24,42.86,56.79,59.46,43.73,,
3,Aceh Singkil,80.54,80.63,82.36,82.46,83.76,45.24,37.25,41.2,42.85,30.33,,
4,Aceh Selatan,83.95,82.19,79.75,77.52,84.44,48.05,37.11,44.13,45.14,38.3,,
5,Aceh Tenggara,82.5,79.48,81,78.7,82.07,63.43,55.69,61.98,60.83,54.03,,
6,Aceh Timur,83,82.69,83.39,79.35,81.8,48.72,36.35,40.78,39.86,35.39,,
7,Aceh Tengah,82.18,86.65,89.15,85.77,87.2,62.34,57.94,70.5,66.55,65.23,,
8,Aceh Barat,74.14,80.2,80.02,78.64,80,33.67,41.08,38.13,40.85,34.88,,
9,Aceh Besar,75.64,74.71,77.46,75.74,81.44,40.43,36.64,41.63,46.83,48.29,,
10,Pidie,75.68,78.45,78.98,76.03,79.31,49.07,49.07,53.36,46.08,52.91,,
11,Bireuen,82.36,82.53,82.12,81.82,79.62,48.45,52.33,53.06,51.11,50.23,,
12,Aceh Utara,81.9,79.57,77.79,75.69,75.7,45.63,43.52,43.55,41.95,37.81,,
13,Aceh Barat Daya,79.78,80.05,81.05,80.34,82.74,47.47,36.66,34.91,36.11,36.31,,
14,Gayo Lues,86.97,88.4,93.75,89.7,90.03,69.32,62.05,79.24,68.53,69.93,,
15,Aceh Tamiang,85.95,83.43,82.81,82.55,86.47,51.17,46.42,46.58,50.03,45.23,,
16,Nagan Raya,81.97,83.95,87.59,85.47,85.65,38.89,38.64,45.18,44.14,47.28,,
17,Aceh Jaya,86.18,86.8,89.43,87.95,87.31,53.22,53.64,59.57,55.49,48.7,,
18,Bener Meriah,87.16,90.32,93.6,88.64,88.48,69.39,63.08,70.93,65.98,70.64,,
19,Pidie Jaya,80.76,76.45,79.27,74.02,76.67,43.03,45.03,46.25,42.71,40.45,,
20,Kota Banda Aceh,71.2,75.68,75.95,73.82,71.55,47.75,45.39,45.97,51.3,45.29,,
21,Kota Sabang,81.9,86.92,86.06,76.41,81.51,48.76,57.55,56.75,50.7,53.8,,
22,Kota Langsa,74.31,81.57,80.99,79.82,80.04,51.22,53.32,52.56,54.63,48.24,,
23,Kota Lhokseumawe,76.22,78.06,79.61,80.02,80.26,39.16,46.18,47.1,48.15,48.33,,
24,Kota Subulussalam,76.41,83.93,83.54,82.25,84.66,41.51,44.29,44,45.07,49.02,,
25,SUMATERA UTARA,84.21,84.19,81.41,81.9,83.89,59.97,56.8,56.15,56.5,55.37,,
26,Nias,85.29,86.56,85.5,86.36,88.24,78.35,83.19,77.21,77.61,81.11,,
27,Mandailing Natal,83,80.14,72.58,79.91,82.36,64.89,63.13,59.73,60.31,60.63,,
28,Tapanuli Selatan,86.63,86.62,87.15,86.45,85.12,67.65,64.31,70.31,62.69,64.31,,
29,Tapanuli Tengah,86.46,80.22,76.28,80.23,84.44,64.73,63.17,65.57,69.89,68.6,,
30,Tapanuli Utara,87.77,85.68,85.35,86.84,82.68,80.1,78.03,79.18,78.65,79.54,,
31,Toba Samosir / Toba,84.84,86.16,86.9,84.88,83.64,75.29,78.11,75.8,76.06,74.62,,
32,Labuhan Batu,83.91,82.67,82.11,80.21,82.84,52,42.29,47.32,43.06,43.73,,
33,Asahan,84.79,85.41,79.25,83.35,85.1,50.77,44.69,39.9,42.58,46.13,,
34,Simalungun,84.47,85.42,85.28,85.25,84.4,62.21,57.93,58.67,60.12,55.71,,
35,Dairi,91.73,89.32,62.87,87.86,88.8,85.38,84.77,77.36,83.67,81.33,,
36,Karo,87.26,88.32,89.28,88.07,88.38,81.23,79.39,78.75,81.16,81.94,,
37,Deli Serdang,85.38,86.96,83.08,83.06,84.9,55.67,50.59,51.26,50.36,48.61,,
38,Langkat,85.74,87.32,85.02,84.25,88.16,56.72,50.31,54.66,53.8,54.66,,
39,Nias Selatan,83.25,78.78,84.81,78.11,82.86,75.44,66.58,69.82,66.67,74.36,,
40,Humbang Hasundutan,92.23,88.32,87.7,84.92,88.06,89.82,88.54,86.58,83.46,83.7,,
41,Pakpak Bharat,95.94,93.66,94.55,92.83,89.38,89.45,82.4,83.33,82.45,82.93,,
42,Samosir,86.89,83.24,46.51,84.95,85.49,78.96,80.19,57.67,83.82,81.69,,
43,Serdang Bedagai,85.1,88.58,85.52,82.34,87.17,51.74,52.94,54.15,51.17,47.99,,
44,Batu Bara,85.93,83.32,87.77,86.45,88.75,53.16,46.63,50.3,53.41,58.11,,
45,Padang Lawas Utara,90.03,87.7,69.02,87.01,83.49,68.34,68.59,63.1,66.79,57.15,,
46,Padang Lawas,82.74,86.54,88.07,85.37,84.34,61.35,66.18,65.84,65.14,65.89,,
47,Labuhan Batu Selatan,87.96,85.35,78,83.12,84.78,48.74,45.22,43.1,48.84,47.87,,
48,Labuhan Batu Utara,85.19,84.23,84.91,84.1,87.45,54.13,49.24,50.89,46.94,42.64,,
49,Nias Utara,83.18,79.47,78.97,78.87,83.9,76.68,72.2,68.79,69.93,71.97,,
50,Nias Barat,90.99,83.46,51.2,84.29,87.6,90.75,80.94,52.38,80.16,82.04,,
51,Kota Sibolga,83.42,81.63,83.22,83.61,83,65.75,60.86,57.53,58.77,48.66,,
52,Kota Tanjung Balai,85,83.67,84.77,82.14,85.78,55.57,46.17,46.7,50.81,55.55,,
53,Kota Pematang Siantar,77.21,80.06,77.93,77.08,76.78,56.13,63.15,63.49,61.09,54.53,,
54,Kota Tebing Tinggi,83.47,82.43,83.04,81.17,89.21,54.43,51.79,56,53.69,65.72,,
55,Kota Medan,78.9,79.05,78.79,75.12,78.81,54.06,51.82,49.04,49.7,46.27,,
56,Kota Binjai,83.69,83.35,82.26,78.58,77.34,50.61,50.94,48.25,47.17,40.11,,
57,Kota Padangsidimpuan,80.77,81.22,81.2,76.95,74.59,65.44,65.71,65.87,61.03,54.98,,
58,Kota Gunungsitoli,77.94,78.5,75.08,74.62,77.31,59.67,65.43,51.59,52.25,55.82,,
59,SUMATERA BARAT,80.66,81.86,82.08,80.67,82.58,54.81,54.26,56.24,55.04,56.28,,
60,Kepulauan Mentawai,82.39,90.73,88.35,88.68,84.35,66.79,74.89,74.03,75.74,71.48,,
61,Pesisir Selatan,83.37,84.48,81.38,80.68,86.06,50.43,53.72,49.19,52.97,48.47,,
62,Solok,82.23,82.54,84.58,82.98,82.74,55.09,59.58,65.08,59.87,66.44,,
63,Sijunjung,80,86.68,85.3,83.88,85.8,56.97,53.87,56.21,56.33,50.63,,
64,Tanah Datar,80.45,81.67,81.49,80.9,80.3,58.44,57.72,58.2,53.84,62.14,,
65,Padang Pariaman,81.44,80.21,83.44,79.5,82.12,50.66,47.28,51.88,50.64,59.43,,
66,Agam,80.91,81.63,82.62,80.16,85.18,56.94,58.24,58.66,53.58,61.59,,
67,Lima Puluh Kota,83.65,86.92,84.78,84.21,85.71,62.96,60.16,61.08,58.85,63.75,,
68,Pasaman,80.8,79.41,84.07,82.01,83.59,54.03,62.71,62.2,57.05,66.59,,
69,Solok Selatan,85.92,86.72,85.64,85.82,89.31,63.64,58.1,59.42,58.08,66.39,,
70,Dharmasraya,85.47,86.18,85.67,85.43,86.11,50.1,53.36,58.56,59.47,55.8,,
71,Pasaman Barat,79.25,85.65,83.28,82.55,83.12,54.55,45.57,51.31,50.92,44.2,,
72,Kota Padang,76.12,76.01,77.39,75.69,77.57,49.61,48.11,51.35,51.98,48.16,,
73,Kota Solok,79.59,78.42,79.65,77.72,81.73,50.43,47.12,54.3,55.66,57.54,,
74,Kota Sawah Lunto,83.24,81.38,81.89,80.81,81.49,62.88,58.53,59.5,55.55,60.4,,
75,Kota Padang Panjang,74.79,78.6,79.51,76.8,73.93,57.83,59.79,60.39,55.38,54.38,,
76,Kota Bukittinggi,80.9,77.06,79.96,77.07,79.71,58.37,54.97,60.51,58.51,50.32,,
77,Kota Payakumbuh,82.36,80.05,79.16,81.71,81.04,59.53,57.73,58.44,61.96,59.3,,
78,Kota Pariaman,76.57,79.65,76.97,73,78.01,58.01,59.68,52.09,52.97,58.08,,
79,RIAU,83.88,83.74,83.25,82.15,83.59,45.68,45.26,46.4,47.14,43.28,,
80,Kuantan Singingi,82.17,83.95,85.99,82.24,83.04,44.71,44.4,49.99,51.34,41.64,,
81,Indragiri Hulu,86.45,84.82,86.19,83.7,85.46,48.9,46.21,49.82,52.51,45.63,,
82,Indragiri Hilir,86.5,84.87,86.6,85.4,86.03,37.97,42.9,50.82,50.85,40.79,,
83,Pelalawan,89.92,88.36,87.86,86.9,87.77,47.94,48.18,47.14,50.22,39.35,,
84,Siak,86.36,87.04,83.22,83.99,88.01,45.37,41.19,41.09,44.19,42.4,,
85,Kampar,80.72,81.23,84.11,83.13,82.19,45.18,39.47,42.64,42.2,39.82,,
86,Rokan Hulu,86.29,87.28,82.41,85.13,84.93,42.92,47.4,47.21,46.94,42.22,,
87,Bengkalis,85.06,84.04,82.63,83.32,82.04,45.93,43.22,48.64,49.48,41.07,,
88,Rokan Hilir,86.88,84.55,80.6,83.1,84.36,38.86,36.74,31.36,37.35,43.79,,
89,Kepulauan Meranti,82.65,81.1,84,79.46,81.14,54.14,53.3,51.94,51.2,47.93,,
90,Kota Pekanbaru,78.16,78.56,79.18,74.3,78.59,52.74,52.76,50.84,48.54,48.81,,
91,Kota Dumai,80.31,85.57,82.49,79.6,84.42,46.89,51.86,51.09,49.55,45.64,,
92,JAMBI,84.08,84.16,84.96,83.91,86.17,51.69,46.74,50.04,49.89,48.97,,
93,Kerinci,80.95,82.78,82.9,83.92,85.84,61.54,50.01,56.48,58.06,61.42,,
94,Merangin,86.94,85.93,87.58,86.94,87.35,51.43,51.02,51.96,52.06,50.98,,
95,Sarolangun,83.25,85.38,85.68,83.14,85.38,50.33,44.54,51.14,46.33,47.77,,
96,Batang Hari,84.17,82.15,85.49,85.24,83.79,44.84,37.68,47.82,51.68,42.44,,
97,Muaro Jambi,86.38,82.56,84.31,83.48,87.58,39.64,34,37.41,40.77,45.55,,
98,Tanjung Jabung Timur,86.62,87.74,87.01,86.03,89.99,55.44,50.69,60.48,55.4,54.5,,
99,Tanjung Jabung Barat,88.81,86.4,89.09,87.75,87.86,60.73,53.12,59.46,59,50.86,,
100,Tebo,86.49,87.74,88.67,87.6,87.91,53.35,51.51,52.55,52.63,49.14,,
101,Bungo,84.6,82.41,83.95,82.45,86.22,48.77,44.38,45.12,44.06,48.87,,
102,Kota Jambi,76.98,82.53,79.89,78.73,83.42,53.29,50.16,48.49,47.68,45.88,,
103,Kota Sungai Penuh,83.92,77.24,81.89,78.3,79.9,58.98,49.83,50.93,52.29,47.11,,
104,SUMATERA SELATAN,83.25,83.25,82.71,82.66,84.95,53.23,51.68,54.25,54.54,53.32,,
105,Ogan Komering Ulu,83.03,83.52,85.15,84.07,86.48,48.57,52.85,55.2,55.24,52.62,,
106,Ogan Komering Ilir,84.2,86.34,76.91,84.94,86.3,55.67,54.85,53.05,53.74,50.52,,
107,Muara Enim,84.39,84.73,80.99,83.65,85.94,60.12,55.34,55.63,55.18,58.85,,
108,Lahat,86.19,85.94,85.08,81.67,83.88,62.34,55.75,58,56.97,57.12,,
109,Musi Rawas,89.41,86.57,89.33,86.37,85.95,57.98,55.45,53.45,53.94,51.38,,
110,Musi Banyuasin,83.31,85.77,86.84,85.28,88.19,46.1,45.51,53.64,52.27,53.23,,
111,Banyu Asin,87.49,83.45,85.65,84.55,85.52,43.88,42.45,41.7,45.73,42.33,,
112,Ogan Komering Ulu Selatan,88.02,90.42,80.67,89.08,90.2,63.83,61.47,61.11,61.48,53.57,,
113,Ogan Komering Ulu Timur,86.49,83.58,86.71,86.73,86.33,53.29,49.41,56.08,55.24,48.84,,
114,Ogan Ilir,84.34,83.3,80.51,79.56,88.89,61.41,62.07,59.7,57.59,73.46,,
115,Empat Lawang,84.68,83.71,84.47,82.14,84.71,64.38,59.01,66.89,61.98,56.97,,
116,Penukal Abab Lematang Ilir,86.33,83.29,85.79,80.75,88.33,66.39,63.83,69.8,65.65,71.44,,
117,Musi Rawas Utara,88.68,84.96,85.89,80.92,88.44,51.03,55.8,57.8,58.43,57.71,,
118,Kota Palembang,74.26,76.43,79.58,75.9,79.19,46.83,45.79,51.53,52.21,50.09,,
119,Kota Prabumulih,82.41,83.36,82.44,79.76,84.02,57.93,55.3,56.41,59.09,59.5,,
120,Kota Pagar Alam,84.52,82.48,71.2,85.21,86.7,58.34,55.32,61.26,62.63,58.84,,
121,Kota Lubuklinggau,83.13,84.52,84.85,86.85,80.63,52.67,56.91,55.8,60.49,55.38,,
122,BENGKULU,83.67,84.38,85.22,83.54,84.72,56.26,55.2,57.71,55.45,54.36,,
123,Bengkulu Selatan,79.94,82.82,82.68,83.38,85.8,63.55,57.28,57.51,64.51,65.49,,
124,Rejang Lebong,86.69,87.65,87.6,85.76,85.73,67.16,65.04,68.05,66.22,62.99,,
125,Bengkulu Utara,87.77,84.35,87.56,86.49,86.21,49.16,46.97,55.54,47.72,48.22,,
126,Kaur,86.35,85.81,81.69,82.01,85.97,59.83,57.54,56.47,55.63,57.49,,
127,Seluma,84.11,86.74,88.19,84.88,87.95,58.56,60.64,63.98,54.51,52.2,,
128,Mukomuko,83.49,86.83,87.19,84.64,86.68,42.24,41.66,42.13,41.57,36.61,,
129,Lebong,85.51,87.42,87.37,86.01,87.2,55.51,61.5,60.84,57.42,57.86,,
130,Kepahiang,86.79,85.19,87.35,85.96,87.44,62.63,65.99,70.21,64.73,60.92,,
131,Bengkulu Tengah,85.45,84.02,87.35,85.33,83.18,57.54,50.56,51.13,48.38,46.04,,
132,Kota Bengkulu,76.35,78.57,79.16,76.5,77.74,52.39,51.86,52.84,54.37,54.88,,
133,LAMPUNG,87.03,86.24,85.41,85.55,85.84,51.22,50.95,54.13,52.36,53.54,,
134,Lampung Barat,92.7,91.62,92.52,91.89,91.34,65.25,65.34,73,73.22,73.71,,
135,Tanggamus,91.43,85.51,70.18,86.12,86.59,58.05,50.33,48.2,49.71,49.56,,
136,Lampung Selatan,85.55,85.19,86.45,85.29,84.88,45.8,42.66,49.71,45.84,45.8,,
137,Lampung Timur,87.99,86.9,87.79,86.01,84.3,46.99,49.72,56.18,50.63,53.19,,
138,Lampung Tengah,89.84,88.61,88.84,88.45,88.89,56.69,54.6,56.78,55.64,64.28,,
139,Lampung Utara,85.99,84.31,86.09,85.56,82.65,50.47,51.85,49.74,47.45,44.91,,
140,Way Kanan,88.92,91.71,90.14,90.69,89.95,53.74,59.21,58.93,57.47,52.22,,
141,Tulangbawang,88.68,87.65,87.38,86.87,87.17,48.02,47.17,50.74,48.17,42.74,,
142,Pesawaran,86.6,85.95,85.92,81.72,86.41,48.77,48.14,52.08,48.02,55.28,,
143,Pringsewu,84.98,85.48,85.42,84.66,88.72,50.02,50.87,51.18,48.61,56.96,,
144,Mesuji,87.2,90.12,89.27,88.99,86.55,39.77,44.53,49.76,47.2,52.67,,
145,Tulang Bawang Barat,88.44,90.6,86.81,86.23,87.71,50.85,49.77,55.59,57.66,51.81,,
146,Pesisir Barat,89.36,87.26,86.83,86.34,87.64,42.94,52.5,52.32,61.52,53.05,,
147,Kota Bandar Lampung,80.19,79.69,80.26,78.58,80.46,51.58,51.32,55.31,55.78,52.98,,
148,Kota Metro,79.31,81.8,82.1,80.99,81.53,52.24,54.96,56.16,52.72,55.49,,
149,KEP. BANGKA BELITUNG,83.21,84.82,84.07,83.68,86.02,50.03,48.03,48.47,46.86,47.55,,
150,Bangka,80.5,81.41,82.85,82.04,87.61,44.96,44.48,43.45,41.84,48.63,,
151,Belitung,86.24,86.29,84.94,84.85,84.44,52,48.56,52.73,46.62,45.04,,
152,Bangka Barat,84.35,86.93,82.93,82.81,90,53.95,43.91,47.14,47.8,48.94,,
153,Bangka Tengah,83.31,85.81,88.43,85.77,85.93,56.47,51.18,51.58,44.74,45.3,,
154,Bangka Selatan,85.27,87.5,86.01,86.97,87.12,47.64,46.39,50.44,49.7,44.95,,
155,Belitung Timur,88.37,86.5,88.27,84.86,85.38,53.06,54.09,53.09,52.46,48.11,,
156,Kota Pangkal Pinang,78.37,82.32,77.91,80.27,80.41,47.17,52,46.36,49.65,50.81,,
157,KEPULAUAN RIAU,81.45,83.18,82.86,83.93,86.44,46.62,45.35,48.93,51.92,50.68,,
158,Karimun,78.08,78.63,77.8,79.27,78.96,46.52,36,41.02,41.76,41.28,,
159,Bintan,79.88,79.39,82.39,82.32,84.03,42.57,43.01,38.36,42.75,46.87,,
160,Natuna,81.62,83.74,85.49,86.13,82.81,49.76,48.21,52.05,57.45,51.88,,
161,Lingga,81.74,83.68,84.12,83.44,80.97,48.15,45.02,44.24,44.85,48.7,,
162,Kepulauan Anambas,83.26,82.21,85.5,83.73,84.3,52.82,42.44,49.9,55.72,57.93,,
163,Kota Batam,83.3,85.2,84.25,86.09,89.62,46.48,46.85,51.69,55.37,52.04,,
164,Kota Tanjung Pinang,74.3,77.52,77.36,74.63,77.56,47.64,47.11,47.49,46.26,52.98,,
165,DKI JAKARTA,78.14,80.44,80.49,78.31,80.02,47.86,47.62,47.47,47.34,46.62,,
166,Kep. Seribu,76.18,79.12,78.72,82.51,84.74,44.02,35.77,42.62,48.4,50.7,,
167,Kota Jakarta Selatan,78.23,78.58,79.72,76.48,77.39,51.61,47.45,48.24,46.8,49.18,,
168,Kota Jakarta Timur,77.65,80.4,79.28,77.44,78.33,43.69,47.28,44.97,44.62,44.61,,
169,Kota Jakarta Pusat,78.86,80.49,78.03,77.45,78.29,49.81,48.94,49.92,49.34,49.34,,
170,Kota Jakarta Barat,77.24,80.43,82.34,79.41,83.14,44.96,44.69,46.45,47.17,45.11,,
171,Kota Jakarta Utara,79.76,82.86,81.98,80.84,82.3,52.85,51.93,50.67,51.47,47.31,,
172,JAWA BARAT,82.96,83.25,81.9,81.68,83.93,42.25,46.33,46.79,47.88,48.01,,
173,Bogor,84.53,84.83,80.75,80.85,85.13,39.82,44.98,43.62,43.31,41.27,,
174,Sukabumi,87,84.74,82.04,84.26,86.07,37.81,40.02,40.61,45.14,51.77,,
175,Cianjur,84.58,84.4,87.07,85.01,85.96,34.24,46.4,50.31,49.86,53.01,,
176,Bandung,81.2,82.2,79.77,83.08,81.11,41.88,48.01,44.19,46.73,45.76,,
177,Garut,82.76,83.6,79.95,81.15,84.43,37.22,41.49,42.16,44.28,53.19,,
178,Tasikmalaya,82.4,83.92,85.01,85.54,84.25,46.41,49.63,54.65,51.47,52.02,,
179,Ciamis,85.83,84.38,86.02,86.5,85.45,48.37,51.17,57.47,53.92,52.27,,
180,Kuningan,79.42,82.08,78.89,82.39,81.13,37.79,40.47,45.2,45.41,42.64,,
181,Cirebon,80.74,81.99,80.07,79.82,82.13,41.85,47.7,46.77,48.48,48.2,,
182,Majalengka,84.7,83.95,84.84,81.31,83.24,46.92,52.02,54.77,54.22,49.52,,
183,Sumedang,83.37,83.75,83.52,82.22,82.26,40.94,44.49,54.74,55.1,47.42,,
184,Indramayu,85.54,84.39,86.25,85.13,84.31,42.95,50,51.83,53.7,52.98,,
185,Subang,86.96,84.64,83.73,85.64,86.71,41.5,50.55,49.51,49.77,50.89,,
186,Purwakarta,83.08,84.41,82.06,79.12,83.48,42.47,42.65,39.05,42.55,46.35,,
187,Karawang,84.96,82.89,84.47,82.95,84.85,43.49,43.22,44.29,44.47,45.19,,
188,Bekasi,83.69,84.11,83.22,80.71,84.88,38,43.18,44.54,50.49,45.24,,
189,Bandung Barat,84.09,82.88,82.62,80.76,85.48,37.76,40.46,36.58,40.2,42.71,,
190,Pangandaran,88.01,88.96,90.08,87.65,88.25,67.74,61.55,63.85,62.18,71.82,,
191,Kota Bogor,79.74,81.64,78.35,77.91,80.4,46.08,45.3,42.87,45.26,47.66,,
192,Kota Sukabumi,79.42,80.96,72.75,71.83,79.75,39.39,43.62,38.39,41.62,44.91,,
193,Kota Bandung,78.03,80.74,79.41,80.44,85.29,45.46,50.85,49.82,50,53.37,,
194,Kota Cirebon,79.63,79.42,77.98,76.18,80.52,56.3,46.24,49.75,49.76,50.56,,
195,Kota Bekasi,80.48,81.67,79.64,80.26,83.57,49.83,49.51,49.71,49.11,46.94,,
196,Kota Depok,79.98,81.68,80.25,77.24,79.26,44.93,48.12,47.57,47.92,47.36,,
197,Kota Cimahi,82.65,79.69,79.02,77.43,85.5,46,46.7,46.19,46.05,48.82,,
198,Kota Tasikmalaya,81.96,82.26,81.59,79.84,83.72,43.26,48.22,51.47,51.65,48.25,,
199,Kota Banjar,81.07,83.23,79.58,76.31,80.88,49.47,52.61,55.65,52.36,47.38,,
200,JAWA TENGAH,81.59,82.78,81.68,81.94,83.74,56.43,55.35,57.54,57.58,58.31,,
201,Cilacap,77.64,83.69,83.21,78.9,81.54,47.7,47.1,52.45,46.99,49.83,,
202,Banyumas,83.1,83.64,81.78,80.37,81.78,52.59,51.27,51.74,49.95,47.91,,
203,Purbalingga,83.5,82,85.11,84.17,84.85,58.18,54.82,55.26,55.42,62.5,,
204,Banjarnegara,86.35,84.5,84.94,84.93,86.13,57.63,55.72,54.47,54.61,58.21,,
205,Kebumen,79.72,81.76,81.88,80.22,82.42,52.15,56,57.67,55.59,60.96,,
206,Purworejo,78.89,81.96,80.4,84.49,83.96,55.44,52.32,60.14,62.57,61.29,,
207,Wonosobo,84.03,86.13,83.97,82.52,87.88,60.51,57.6,58.18,58.66,60.79,,
208,Magelang,80.92,85.37,84.88,85.14,86.34,62.02,64.06,68.31,66.4,72.78,,
209,Boyolali,82.69,83.72,85.3,86.13,85.12,62.45,62.2,65.41,65.93,66.34,,
210,Klaten,79.24,80.61,80.74,77.83,81.01,55.72,58.23,56.59,56.54,56.96,,
211,Sukoharjo,79.4,80.7,79.81,79.1,76.88,57.87,56.67,57.99,58.75,58.14,,
212,Wonogiri,85.45,85.07,85.54,83.35,85.85,65.75,55.78,64.64,63.58,64.68,,
213,Karanganyar,80.87,82.4,84.05,81.88,84.24,60.41,58.42,63.42,64.72,57.62,,
214,Sragen,80.91,81.47,78.74,81.64,81.38,54.36,54.76,58.74,62.41,58.1,,
215,Grobogan,81.51,86.34,80.75,85.05,86.63,60.46,52.76,59.18,61.13,57.94,,
216,Blora,85.34,84.39,86.44,84.23,86.95,61.25,53.46,58.06,57.49,63.77,,
217,Rembang,80.54,82.57,79.46,84.1,86.37,55.15,50.29,51.17,57.49,61.82,,
218,Pati,81.71,83.44,76.74,82.87,86.38,53.11,50.17,52.02,56.26,57.88,,
219,Kudus,81.04,83.04,82.79,82.01,82.5,64.11,61.57,66.59,67.86,59.99,,
220,Jepara,82.87,82.9,83.4,83.56,86.89,55.46,54.2,56.66,55.75,52.85,,
221,Demak,82.49,81.48,83.53,81.2,82.16,59.84,54.43,56.52,51.75,52.29,,
222,Semarang,80.96,85.36,84.24,85.5,84.42,64.49,64.58,66.38,63.29,66.87,,
223,Temanggung,86.75,87.74,59.63,86.14,87,61.49,64.73,57.82,61.88,65.26,,
224,Kendal,81.68,79.97,82.04,80.74,85.1,50.57,55.52,58.64,58.8,61.44,,
225,Batang,84.02,82.99,86.48,85.49,88.4,56.69,54.65,53.24,57.45,61.51,,
226,Pekalongan,83.79,84.24,85.21,84.94,83.1,57.94,58.43,57.63,58.33,58.01,,
227,Pemalang,82.06,83.84,81.25,80.19,84.56,49.18,49.36,50.48,52.14,55.78,,
228,Tegal,82.22,82.07,82.24,79.39,79.84,49.19,51.38,51.25,53.46,51.63,,
229,Brebes,81.71,81.92,80.81,77.33,80.3,52.64,50.22,52.47,50.57,51.69,,
230,Kota Magelang,77.15,72.93,75.73,74.48,77.24,60.99,57.33,59.85,59.98,58.3,,
231,Kota Surakarta,76.06,79.49,79.37,78.05,78.78,56.68,59.77,59.04,56.51,58.25,,
232,Kota Salatiga,77.75,77.56,78.16,76.97,79.25,66.88,57,62.76,64.14,63.23,,
233,Kota Semarang,78.3,76.87,79.86,79.99,84.03,54.28,57.43,60.48,59.42,58.59,,
234,Kota Pekalongan,80.31,82.95,73.67,85.76,83.41,60.59,62.14,59.34,65.93,57.47,,
235,Kota Tegal,78.23,81.47,75.54,81.31,84.1,53.3,58.17,53.97,55.63,53.62,,
236,D I YOGYAKARTA,82.57,81.85,78.2,82.83,82.22,64.03,63.95,64.33,64.59,63.38,,
237,Kulon Progo,85.51,85.31,86.07,85.65,87.15,67.73,68.26,70.16,68.32,70.99,,
238,Bantul,84.23,82,84.26,83.08,84.04,63.37,64.27,64.93,60.54,65.04,,
239,Gunung Kidul,87.49,87.38,65.97,85.19,86.92,66.78,65.87,64.7,67.65,62.46,,
240,Sleman,79.88,79.58,78.32,81.6,76.46,61.92,60.88,62.66,64.47,59.73,,
241,Kota Yogyakarta,75.42,75.44,76.52,79.17,81.97,62.83,63.96,61.3,65.11,63.72,,
242,JAWA TIMUR,84.41,84.74,84.67,84.46,85.76,55.31,55.07,56.56,56.11,57.28,,
243,Pacitan,89.57,89,90.1,89.95,90.74,70.05,70.85,71.26,71.81,75.75,,
244,Ponorogo,84.17,83.54,83,83.33,84.8,60.38,58.91,60.17,62.06,61.18,,
245,Trenggalek,87.65,86.12,87.44,85.69,86.15,63.38,61.06,64.26,59.32,58.17,,
246,Tulungagung,84.24,84.09,85.37,84.21,85.52,58.12,57.79,61.79,61.11,59.29,,
247,Blitar,85.92,89.21,85.07,86.15,86.42,55.34,56.69,56.63,54.77,59.19,,
248,Kediri,85.11,86.17,85.35,83.33,85.05,50.49,57.35,55.95,55.34,52.41,,
249,Malang,85.67,85.18,86.99,85.08,86.26,53.92,54.85,56.13,51.79,54.38,,
250,Lumajang,87.02,85.42,84.49,84.61,86.16,50.71,48.11,50.49,48.97,54.4,,
251,Jember,86.36,85.41,86.65,86.35,85.13,50.78,49.77,50.3,52.41,54.49,,
252,Banyuwangi,87.86,86.79,87.12,88.34,86.18,56.87,57.77,56.8,56.63,58.11,,
253,Bondowoso,86.17,91.01,89.07,88.06,89.28,58.1,62.05,62.08,60.7,60.96,,
254,Situbondo,89.45,87.26,86.78,85.98,87.43,55.95,58.5,60.47,58.22,57.87,,
255,Probolinggo,87.15,87.67,88.89,88.79,86.95,51.26,51.32,57.94,58.71,57.18,,
256,Pasuruan,85.11,86.88,85.29,85.59,85.93,54.95,51.36,50.64,53.02,54.99,,
257,Sidoarjo,79.96,83.2,81.55,82.06,89.96,49.8,50.75,52.78,50.86,55.76,,
258,Mojokerto,85.25,87.39,86.11,85.5,85.57,58.91,51.72,53.64,55.6,57.27,,
259,Jombang,86.37,86.62,84.53,85.71,83.28,54.24,55.84,56.28,56.02,50.42,,
260,Nganjuk,85.48,82.56,82.61,81.03,83.64,50.98,51.35,49.27,47.82,50.31,,
261,Madiun,82.71,84.03,85.62,82.76,87.31,56.98,57.48,57.81,53.4,58.73,,
262,Magetan,86.49,84.19,83.24,83.9,85.81,69.44,61.29,63.91,63.45,63.04,,
263,Ngawi,87.65,86.23,84.9,84.68,87.85,64.09,59.54,61.19,61.78,69.9,,
264,Bojonegoro,84.37,87.99,88.03,85.91,88.13,50.97,55.19,61.65,58.28,56.77,,
265,Tuban,88.97,85.63,88.16,89.44,88.4,55.45,52.58,56.18,58.73,59.47,,
266,Lamongan,81.98,83.06,83.68,83.26,84.31,55.36,55.97,58.94,59.17,55.47,,
267,Gresik,84.25,83.72,84.85,85.55,85.78,51.35,48.54,48.82,53.86,51.42,,
268,Bangkalan,81.02,77.56,78.89,79.76,84.93,58.72,51.09,56.62,58.95,64.17,,
269,Sampang,78.17,81.3,81.76,82.37,84.25,57.78,53.35,59.06,59.07,63.38,,
270,Pamekasan,79.3,80.85,81.09,79.02,82.75,60.85,57.11,59.42,53.77,65.15,,
271,Sumenep,84.79,85.72,85.85,84.82,86.4,60.43,66.18,65.47,67.54,65.18,,
272,Kota Kediri,74.95,76.77,76.83,80.24,78.55,56.14,53.04,55.35,54.68,61.44,,
273,Kota Blitar,80.18,81.04,79.19,81.32,79.79,64.88,63.6,60.24,59.04,56.23,,
274,Kota Malang,79.18,79.96,78.21,79.74,78.04,53.85,52.79,55.1,55.95,48.74,,
275,Kota Probolinggo,80.51,78.75,82.22,85.23,82.03,50.61,50.1,56.47,54.84,55.32,,
276,Kota Pasuruan,81.6,82.7,82.62,84.82,81.82,52.17,54.06,57.94,58.98,54.77,,
277,Kota Mojokerto,79.08,78.85,80.98,79.26,82.51,60.37,52.04,56.11,55.55,56.99,,
278,Kota Madiun,78.09,77.32,78.8,75.16,75.94,52.2,57.31,59.35,59.31,58.56,,
279,Kota Surabaya,81.21,81.79,81.23,81.69,85.07,53.85,56.22,55.35,53.44,55.46,,
280,Kota Batu,85,84.6,84.73,86.04,86.38,56.09,57.64,59.75,61.26,56.42,,
281,BANTEN,80.85,81.73,81.7,80.16,81.69,44.3,45.21,46.62,46.84,47.17,,
282,Pandeglang,82.55,80.73,79.99,81.71,81.85,41.4,40.26,39.84,42.26,40.8,,
283,Lebak,81.59,83.08,86,82.33,82.32,52.48,44.71,53.16,50.45,49.31,,
284,Tangerang,83.36,83.95,82.9,81,83.06,41.57,47.23,47.14,46.08,50.33,,
285,Serang,80.61,81.47,81.8,80.67,81.51,42.5,44.74,44.78,46.78,46.76,,
286,Kota Tangerang,79.22,81.69,80.79,79.28,83.57,46.03,47.44,48.45,49.14,47.9,,
287,Kota Cilegon,81.12,80.62,80.32,78.39,85.31,43.96,42.51,42.44,43.57,48.67,,
288,Kota Serang,76.02,81.44,81.41,78.47,79.65,47.82,43.01,45.24,45.03,49.25,,
289,Kota Tangerang Selatan,77.94,77.33,78.71,77.61,75.76,44.09,43.64,46.14,47.41,41.49,,
290,BALI,82.94,81.82,80.75,79.44,84.06,70.14,65.67,67.86,67.61,69.62,,
291,Jembrana,85.21,78.91,83.12,90.38,85.91,69.61,56.15,68.94,72.42,75.46,,
292,Tabanan,83.65,83.12,81.26,81.43,83.15,71.11,67.94,69.84,68.72,70.89,,
293,Badung,79.61,80.95,81.25,77.65,80.15,62.38,63.94,63.82,67.21,65.19,,
294,Gianyar,83.09,82.37,78.11,76.13,85.1,74.79,69.78,64.36,63.55,75.38,,
295,Klungkung,80.49,80.34,78.69,75.38,85.1,75.37,71.95,72.01,70.39,74.76,,
296,Bangli,88.7,85.79,86.22,84.98,87.24,82.68,80.38,78.11,79.16,79.42,,
297,Karangasem,84.17,83.99,83.23,84.65,88.69,80.42,77.28,78.31,77.7,82.15,,
298,Buleleng,82.68,78.41,80.87,80.35,85.85,70.67,60.82,69.4,66,65.18,,
299,Kota Denpasar,82.94,83.02,78.91,75.33,82.36,63.68,59.88,62.55,61.71,61.94,,
300,NUSA TENGGARA BARAT,80,83.43,82.94,82.58,83.27,54.27,56.36,58.66,59.18,59.16,,
301,Lombok Barat,76.09,84.18,81.93,83.24,83.7,44.64,58.24,54.38,58.14,60.02,,
302,Lombok Tengah,79.52,82.52,84.77,85.77,85.1,57.17,62.49,66.44,65.54,62.59,,
303,Lombok Timur,76.51,83.08,82.66,82.5,82.81,55.99,52.55,55.81,58.42,57.5,,
304,Sumbawa,87.91,86.01,83.93,82.2,86.87,48.86,46.94,53.03,50.13,55.88,,
305,Dompu,82.2,84.5,85.24,84.81,84.82,49.17,50.09,54.16,49.4,55.88,,
306,Bima,86.51,86.93,84.37,82.74,82.73,65.76,63.53,60.16,60.48,63.75,,
307,Sumbawa Barat,86.7,86.2,85.41,85.11,88.51,56.81,51.97,53.13,56.05,62.14,,
308,Lombok Utara,-,86.34,84.44,84.27,87.44,-,60.42,62.82,62.6,65.64,,
309,Kota Mataram,76.36,76.72,76.76,73.22,74.85,50.43,53.12,59.41,58,51.6,,
310,Kota Bima,81.91,82.65,83.47,84.92,79.6,62.27,62.04,65.22,66.19,60.14,,
311,NUSA TENGGARA TIMUR,83,81.31,82.64,82.53,82.85,60.9,59.74,63.91,65.34,67.87,,
312,Sumba Barat,76.59,80.59,79.69,81.76,81.66,54.33,62.7,61.75,65.93,65.65,,
313,Sumba Timur,87.68,81.49,81.16,81.28,85.69,67.52,57.46,62.46,62.88,73.22,,
314,Kupang,86,77.49,83.74,86.45,87.44,55.35,45.35,60.01,60.39,62.56,,
315,Timor Tengah Selatan,87.81,83.82,86.77,86.86,88.63,67.08,59.28,62.68,70.66,76.5,,
316,Timor Tengah Utara,88.85,83.91,85.66,85.28,85.01,65.06,60.52,70.85,71.8,75.09,,
317,Belu,80.89,78.13,82.71,83.06,78.13,54.07,52.59,57.79,58.62,55.19,,
318,Alor,75.47,78.26,80.82,78.6,79.37,60.16,65.72,70.17,66.67,71.12,,
319,Lembata,84.25,84.41,79.44,82.71,79.88,57.37,58.61,60.41,56.46,65.39,,
320,Flores Timur,83.36,83.69,81.99,82.16,84.41,59.18,55.01,63.02,62.88,66.09,,
321,Sikka,85,82.05,85.15,82.81,80.44,60.82,54.43,63.52,66.43,64.19,,
322,Ende,84.13,80.14,80.11,84.35,81.73,66.84,67.19,65.49,71.8,70.25,,
323,Ngada,79.26,84.23,80.76,80.38,85.37,66.81,61.69,62.86,65.19,72.23,,
324,Manggarai,82.97,80.93,84.28,83.53,84.84,67.8,64.17,69.23,72.02,72.56,,
325,Rote Ndao,85.94,81.59,83.71,85.66,84.6,62.05,60.02,61.99,62.16,61.31,,
326,Manggarai Barat,84.76,87.25,85.89,81.27,87.29,54,62.09,71.34,65.34,73.77,,
327,Sumba Tengah,76.78,81.84,85.34,80.84,85.2,52.72,56.91,53.39,56.46,67.54,,
328,Sumba Barat Daya,87.62,85.9,85.25,89.19,83.65,73.57,73.74,70.17,77.17,70.42,,
329,Nagekeo,76.89,80.07,82.36,77.9,80.99,54.42,58.59,58.9,57.51,61.96,,
330,Manggarai Timur,85.61,88.66,88.72,88.33,87.69,54.08,74.14,75.04,75.84,77.63,,
331,Sabu Raijua,84.39,76.99,80.84,74.12,81.02,70.34,64.89,68.97,63.17,72.13,,
332,Malaka,87.03,80.79,77.86,79.96,84.19,61.74,64.47,58.11,61.21,69.34,,
333,Kota Kupang,69.55,72.03,74,71.68,69.37,49.94,49.67,53.7,52.45,52.81,,
334,KALIMANTAN BARAT,84.09,83.59,83.35,83.05,85.01,53.07,52.92,53.86,53.43,52.51,,
335,Sambas,85.36,85.15,85.91,85.46,86.32,58.42,59.09,63.3,60.96,62.66,,
336,Bengkayang,86.1,86.65,87.25,82.69,85.23,65.38,59,63.29,56.43,53.35,,
337,Landak,85.34,81.43,84.09,81.83,84.53,62.93,54.85,58.32,57.46,58.95,,
338,Mempawah,82.59,81.42,80.17,80.4,82.36,47.31,44.43,47.82,41,43.99,,
339,Sanggau,85.79,86.17,86.07,84.24,87.78,58.85,50.94,53.6,53.59,51.65,,
340,Ketapang,86.83,85.59,82.99,83.75,84.29,44.39,44,36.94,43.83,35.29,,
341,Sintang,86.4,84.54,85.45,88.03,84.55,56.34,58.65,65.09,66.93,61.09,,
342,Kapuas Hulu,85.95,84.78,86.06,85.97,87.53,65.97,69.29,61.64,58.39,67.57,,
343,Sekadau,88.57,89.6,89.14,85.05,87.06,63.94,64.35,65.29,58.16,60.86,,
344,Melawi,86.83,87.73,86.45,86.76,88.15,60.03,60.84,60.87,57.31,60.13,,
345,Kayong Utara,83.91,82.84,83.57,84.19,87.77,46.95,49.32,46.72,46.17,51.69,,
346,Kubu Raya,83.13,82.33,83.57,83.53,81.94,41.31,47.04,51.59,51.18,47.15,,
347,Kota Pontianak,78.36,77.9,75.66,76.43,83.79,44.51,45.97,44.83,47.84,46.4,,
348,Kota Singkawang,74.55,80.22,77.02,78.49,84.52,47.27,53.36,50.19,49.68,52.72,,
349,KALIMANTAN TENGAH,85.92,85.43,84.67,84.7,85.17,51.82,51.53,50.57,51.12,47.68,,
350,Kotawaringin Barat,89.13,88.8,89.48,86.46,86.7,52.54,55.32,54.41,51.39,48.25,,
351,Kotawaringin Timur,87.58,85.06,86.04,84.42,85.44,45.97,46.7,46.47,46.59,34.73,,
352,Kapuas,85.46,83.01,85.79,85.89,84.04,52.58,50.52,53.67,53.98,48.18,,
353,Barito Selatan,80.49,83.94,81.61,83.13,83.46,42.61,54.28,47.09,43.1,47.89,,
354,Barito Utara,85.89,83.72,84.89,86.35,86.46,60.23,53.63,56.97,53.15,52.06,,
355,Sukamara,88.71,86.96,82.67,85.04,86.77,56.91,56.34,45.7,56.69,50.42,,
356,Lamandau,84.5,84.86,87.43,88.06,85.82,47.98,48.44,50.82,50.05,52.46,,
357,Seruyan,90.48,89.75,80.44,87.48,90.76,55.81,49.02,46.9,52.66,50.31,,
358,Katingan,85.49,89.41,83.15,84.11,86.33,51.34,49.2,43.65,42.25,43.11,,
359,Pulang Pisau,87.75,90.06,88.21,87.72,87.32,52.38,59.29,55.99,57.81,54.64,,
360,Gunung Mas,88.81,89.68,88.1,85.77,84.01,60.13,54.72,51.96,51.41,53.13,,
361,Barito Timur,88.92,84.41,84.82,85.36,84.73,67.96,63.4,70.29,71.18,65.54,,
362,Murung Raya,85.95,83.89,84.13,86.37,85.61,50.28,46.34,41.9,47.14,50.43,,
363,Kota Palangka Raya,76.43,78.37,78.03,76.3,78.68,47.8,49,46.86,49.9,48.93,,
364,KALIMANTAN SELATAN,84.22,83.22,82.91,83.55,82.97,54.98,54.05,55.5,54.72,51.9,,
365,Tanah Laut,85.27,86.81,87.94,88.32,89.92,47.32,50.53,55.2,55.31,50.87,,
366,Kotabaru,85.51,85.86,82.56,87.03,87.41,52.84,47.26,45.03,46.04,38.24,,
367,Banjar,86.85,82.93,82.85,81.96,82.05,55.61,60.61,61.93,59.38,57.53,,
368,Barito Kuala,90.61,89.69,88.98,90.47,86.09,67.95,59.34,60.37,60.59,55.52,,
369,Tapin,85.76,84.99,83.18,86.23,85.49,53.61,53.49,57.08,54.42,55.08,,
370,Hulu Sungai Selatan,84.24,85.95,84.64,81.02,83.28,59.61,56.02,61.98,57.82,56.23,,
371,Hulu Sungai Tengah,84.85,82.89,83.88,82.96,82.47,63.14,57.48,58.75,57.8,53.21,,
372,Hulu Sungai Utara,82.72,80.88,82.1,82.72,81.68,58.09,56.84,58.9,60.9,57.92,,
373,Tabalong,88.41,83.41,81.07,83.01,85.42,61.39,57.2,57.28,59.82,59.04,,
374,Tanah Bumbu,83.02,84.64,85.78,85.91,84.63,47.07,46.54,52.86,48.79,42.8,,
375,Balangan,86.75,85.98,85.48,85.31,83.47,68.03,56.52,67.45,65.55,61.66,,
376,Kota Banjarmasin,80.12,77.86,77.12,78.61,77.12,48.96,52.85,47.34,48.11,49.49,,
377,Kota Banjar Baru,74.8,77.63,79.72,79.4,76.82,49.81,47.03,53.27,51.83,47.42,,
378,KALIMANTAN TIMUR,82.06,83.04,81.52,81.35,82.74,45.18,47.17,47.96,48.2,45.17,,
379,Paser,85.73,85.08,83.94,82.63,82.09,45.23,44.64,49.69,45.85,38.82,,
380,Kutai Barat,85.01,82.45,83.79,86.52,84.05,55.59,49.08,56.69,57.03,53.72,,
381,Kutai Kartanegara,83.64,83.72,78.12,82.14,82.83,42.33,45.73,44.1,44.97,39.04,,
382,Kutai Timur,85.04,86.49,87.16,85.32,86.32,49.38,47.51,47.12,47.19,45.65,,
383,Berau,87.33,85.91,84.77,82.8,85.35,43.62,43.39,46.85,45.23,41.11,,
384,Penajam Paser Utara,82.16,81.33,85.87,82.27,86.55,44.87,45.76,50.72,50.16,48.82,,
385,Mahakam Ulu,85.24,87.17,85.41,83.9,79.98,71.78,49.65,65.55,64.46,59.7,,
386,Kota Balikpapan,77.56,81.79,80.32,78.6,83.13,48.81,48.42,44.86,49.53,47.54,,
387,Kota Samarinda,79.63,79.99,79.17,78.84,78.54,40.95,48.76,50.49,49.12,46.79,,
388,Kota Bontang,81.28,86.48,85.15,81.45,86.59,46.36,47.73,51.77,50.42,56.28,,
389,KALIMANTAN UTARA,81.82,83.26,82.91,81.75,83.67,49.44,45.16,47.62,48.44,49.3,,
390,Malinau,87.79,82.73,81.69,84.8,85.84,59.34,51.05,48.17,55.75,59.1,,
391,Bulungan,82.96,83,81.84,82.19,83.48,51.83,46.74,50.71,53.04,42.24,,
392,Tana Tidung,82.85,84.7,85,80.8,90.07,36.04,39.07,46.27,50.63,55.17,,
393,Nunukan,87.16,84.32,84.21,82.62,86.56,53.25,46.55,46.3,46.53,48.51,,
394,Kota Tarakan,75.1,82.59,82.61,79.96,80,43.93,42.18,47.01,45.12,49.62,,
395,SULAWESI UTARA,80.34,82.06,80.52,78.98,80.77,45.16,45.14,45.68,44.72,44.79,,
396,Bolaang Mongondow,85.01,86.59,84.67,83.23,84.23,43.06,37.07,41.42,39.24,38.3,,
397,Minahasa,80.17,80.42,79.04,75.32,82.53,51.17,45.5,44.92,42.85,46.76,,
398,Kepulauan Sangihe,80.38,80.97,79.3,75.46,81.21,46.35,43.43,49.74,51.68,50.96,,
399,Kepulauan Talaud,85.88,84.97,89.3,87.66,85.61,49.96,56.91,72.3,70.45,62.42,,
400,Minahasa Selatan,82.79,87.12,83.95,78.62,81.22,45.34,52.16,49.09,46.44,38.21,,
401,Minahasa Utara,80.49,81.31,76.39,78.46,77.07,39.46,42.91,46.48,45.07,40.1,,
402,Bolaang Mongondow Utara,81.34,82.75,81.88,81.57,85.31,36.44,44.66,46.91,46.5,43.39,,
403,Siau Tagulandang Biaro,81.11,81.94,83.04,81.08,82.38,51.35,45.69,47.84,45.82,42.85,,
404,Minahasa Tenggara,81.03,86.98,84.59,82,83.77,41.72,46.36,42.24,46.26,49.69,,
405,Bolaang Mongondow Selatan,85.84,84.84,84.65,78.89,86.01,34.51,30.28,40.21,36.79,41.71,,
406,Bolaang Mongondow Timur,83.29,88.1,86.26,85.33,89.01,43.39,42.44,44.91,41.82,43.22,,
407,Kota Manado,74.72,78.97,75.97,77.29,75.22,44.6,46.44,41.46,41.08,44.01,,
408,Kota Bitung,80.28,79.99,78.87,79.28,78.34,44.64,43.01,43.89,44.52,44.8,,
409,Kota Tomohon,76.21,75.31,75.02,72.39,75.44,45.52,50.09,44.23,43.49,51.45,,
410,Kota Kotamobagu,80.26,80.06,84.16,81.77,83.92,49.22,46.36,48.2,47.29,47.25,,
411,SULAWESI TENGAH,84.98,84.65,85.82,84.78,85.83,53.91,50.33,52.5,52.17,53.71,,
412,Banggai Kepulauan,83.39,88.05,85.83,83.69,87.84,57.28,59.23,60.22,60.37,61.41,,
413,Banggai,85.61,84.48,84.82,87.19,88.32,57.48,49.29,54.42,55.95,58.39,,
414,Morowali,86.27,84.44,81.12,80.66,84.01,35.05,40.82,47.84,46.44,36.97,,
415,Poso,88.8,86.9,87.11,87.93,86.19,61.47,57.25,61.58,58.2,57.76,,
416,Donggala,84.13,84.85,84.89,86.67,88.37,42.92,45.93,42.13,47.58,55.15,,
417,Toli-Toli,86.15,84.36,86.86,83.35,83.85,46.93,39.7,44.45,44.23,45.12,,
418,Buol,84.75,87.25,88.82,86.3,87.33,48.75,45.89,49.68,47.81,50.2,,
419,Parigi Moutong,87.16,88.51,89.05,86.38,89.07,56.54,46.99,55.21,50.58,58.38,,
420,Tojo Una-Una,87.08,89.67,87.82,88.57,86.39,65.83,67.19,62.27,60.5,49.88,,
421,Sigi,83.74,85.62,86.71,87.14,87.57,54.27,51.87,50.8,53.71,57.26,,
422,Banggai Laut,83.29,84.58,88.16,81.01,76.72,55.59,45.96,46.45,42.01,40.23,,
423,Morowali Utara,90.63,81.41,86.66,84.83,85.85,59.21,48.82,51.35,50.65,52.66,,
424,Kota Palu,77.76,75.34,80.34,76.61,78.33,54.55,55.97,52.71,53.67,51.23,,
425,SULAWESI SELATAN,81.33,81.72,79.66,81.03,82.91,47.65,47.01,48.16,49.42,50.46,,
426,Kepulauan Selayar,86.45,83.06,82.95,81.77,85.36,49.75,49.98,54.92,57.65,56.03,,
427,Bulukumba,87.91,85.1,83.56,81.83,83.82,43.97,52.63,54.97,51.23,49.13,,
428,Bantaeng,87.62,86.08,86.81,87.13,87.07,58.36,60.18,60.59,62.54,64.6,,
429,Jeneponto,85.25,86.58,85.74,83.13,87.9,53.9,49.5,53.44,52.97,63.68,,
430,Takalar,85.11,85.73,78.39,83.99,82.82,48.91,44.27,48.74,49.47,47.88,,
431,Gowa,83.67,84.9,84.18,84.13,86.55,53.93,49,51.83,54.34,60.36,,
432,Sinjai,85.6,84.72,85.39,85.72,82.92,54.89,48.61,55.68,59.27,45.4,,
433,Maros,80.25,84.74,82.45,80.88,82.14,42.05,43.8,43.63,39.64,41.84,,
434,Pangkajene dan Kepulauan,83.57,83.41,80.48,84.05,89.3,46.34,42.6,48.71,46.55,61.3,,
435,Barru,80.76,81.99,78.03,77.53,81.31,36.56,39.29,38.56,40.81,45.4,,
436,Bone,79.07,81.17,71.85,84.84,84.21,39.99,42.4,50.64,48.78,52.72,,
437,Soppeng,81.61,82.31,82.05,80.69,81.9,49.55,37.57,35.59,40.23,44.67,,
438,Wajo,82.87,82.97,86.33,85.69,85.22,39.16,44.91,47.88,45.78,39.65,,
439,Sidenreng Rappang,81.12,82.23,81.55,80.77,80.75,34.2,32.01,34.01,38.15,36.08,,
440,Pinrang,79.74,81.89,82.64,80.95,79.21,41.89,38.09,37.47,36.44,37.92,,
441,Enrekang,83.45,82.06,85.3,85.22,86.5,53.29,57.77,56.29,60.04,57.59,,
442,Luwu,80.14,83.13,79.89,80.98,83.07,46.62,49.05,43.11,48.28,53.16,,
443,Tana Toraja,85.96,84.21,75.5,80.8,88.1,75.14,75.07,70.94,75.11,82.03,,
444,Luwu Utara,80.62,86.62,71.12,78.3,85.86,49.15,55.84,45.97,47.66,58.42,,
445,Luwu Timur,88.92,86.7,86.59,86,87.9,53.67,46.66,56.96,59.21,53.75,,
446,Toraja Utara,76.95,75.39,68.27,75.18,74.36,69.01,67.77,66.74,67.91,63.27,,
447,Kota Makasar,75.23,74.15,75.44,74.6,77.86,45.9,44.01,41.15,45.22,41.19,,
448,Kota Parepare,81.46,79.3,79.99,80.16,77.8,48.93,49.7,51.79,54.37,50.12,,
449,Kota Palopo,75.82,76.81,76.23,74.46,77.84,45.06,48.02,47.14,46.35,50.33,,
450,SULAWESI TENGGARA,83.97,83.38,83.8,84.08,82.91,55.65,54.98,56.02,56.27,54.94,,
451,Buton,80.59,77.02,78.03,76.32,87.8,60.72,54.98,53.19,53.02,67.28,,
452,Muna,75.65,76.12,76.56,78.08,74.62,54.64,55.87,51.87,56.67,59.46,,
453,Konawe,87.6,85.77,85.22,85.89,83.73,53.18,50.54,50.47,53.4,49.18,,
454,Kolaka,87.25,86.47,87.42,85.58,86.04,51.36,53.72,57.46,53.51,42.18,,
455,Konawe Selatan,88.15,89.95,87.7,87.8,86.39,60.56,52.58,53.96,55.73,52.01,,
456,Bombana,86.8,85.71,88.67,88.57,86.63,56.92,56.5,55.64,56.65,49.97,,
457,Wakatobi,85.2,82.1,81.02,83.81,82.38,58.52,58.7,56.7,59.05,65.52,,
458,Kolaka Utara,90.8,91.84,93.06,92.13,90.39,56.08,66.74,70.79,66.81,63.17,,
459,Buton Utara,85.44,84.82,87.4,86.33,91.57,65.22,59.47,65.74,65.07,71.02,,
460,Konawe Utara,89.5,86.09,90.14,86.03,86.43,59.4,50.37,57.02,53.38,55.15,,
461,Kolaka Timur,91.18,92.38,91.05,88.82,87.76,63.95,61.12,63.26,59.69,49.89,,
462,Konawe Kepulauan,85.63,79.74,85.55,83.9,82.77,67.68,56.79,55.86,57.79,55.06,,
463,Muna Barat,88.81,80.64,85.16,82.94,92.73,68.24,45.95,64.42,62.16,72.64,,
464,Buton Tengah,78.11,77.99,76.75,74.85,76.71,50.66,58,55.82,54.53,60.8,,
465,Buton Selatan,78.52,80.63,85.21,88.44,79.89,48.09,51.27,61.37,59.9,64.68,,
466,Kota Kendari,75.25,76.32,76.72,79.18,75.12,48,53.2,51.43,51.44,55.82,,
467,Kota Baubau,81.2,77.64,76.27,80.24,76.05,56.06,55.77,54.72,58.43,47.2,,
468,GORONTALO,84.24,84.77,83.02,81.6,85.3,51.66,50.03,49.95,50.41,52.64,,
469,Boalemo,84.48,87.23,79.76,82.8,87.54,57.04,51.31,54.13,48.01,57.03,,
470,Gorontalo,83.47,83.95,83.62,80.86,85.74,54.62,48.85,48.34,49.58,55.4,,
471,Pohuwato,88.03,89.25,87.98,87.92,89.93,50.73,50.23,53.08,51.7,50.47,,
472,Bone Bolango,86.7,84.29,82.35,80.99,82.78,46.6,47.6,45.12,49.46,47.91,,
473,Gorontalo Utara,87.63,86.12,87.13,86.34,88.67,55.51,52.41,51.4,50.31,50.76,,
474,Kota Gorontalo,79.07,80.71,79.18,75.35,79.53,45.41,51.54,50.23,53.28,50.69,,
475,SULAWESI BARAT,84.52,86.82,85.29,86.1,87.71,53.96,52.86,55.02,54.38,58.22,,
476,Majene,85.3,81.82,82.23,80.23,83.7,59.48,54.66,55.04,51.55,53.53,,
477,Polewali Mandar,82.44,84.53,86.45,83.91,87.5,51.49,53.88,57.37,55.09,65.54,,
478,Mamasa,84.87,87.81,86.62,86.97,91.27,68.16,67.15,69.93,73.39,80.53,,
479,Mamuju,83.13,87.19,79.51,87.28,87.21,43.79,46.83,51.51,52.38,53.87,,
480,Mamuju Utara / Pasangkayu,87.24,91.56,90.06,89.26,89.91,52.03,49.76,45.56,46.32,46.37,,
481,Mamuju Tengah,89.4,91.83,89.9,92.03,87.22,62.92,46.27,48.04,47.41,36.54,,
482,MALUKU,77.5,77.28,76.49,77.66,78.33,50.05,50.5,53.52,53.71,52.47,,
483,Maluku Tenggara Barat / Kepulauan Tanimbar,80.45,78.21,81.21,79.28,78.92,59.03,59.24,63.56,58.64,54.21,,
484,Maluku Tenggara,72.78,71.44,74.02,74.7,72.91,53.23,51.38,57.07,55.17,52.02,,
485,Maluku Tengah,80.26,73.44,73.28,74.46,77.78,47.46,44.37,46.1,50.55,53.81,,
486,Buru,80.83,84.7,86.61,86.39,86.72,52.99,47.33,55.91,54.36,56.53,,
487,Kepulauan Aru,82.05,82.94,81.96,77.08,81.15,41.91,53.26,55.55,53.4,43.06,,
488,Seram Bagian Barat,83.16,85.96,83.06,84.39,80.4,54.97,57.51,60.21,59.47,55.38,,
489,Seram Bagian Timur,81.71,86.01,80.89,78.83,80.25,45.49,52.74,54.78,58.89,49.91,,
490,Maluku Barat Daya,83.9,88.33,77.83,87.96,84.07,66.33,64.68,63.66,65.32,60.71,,
491,Buru Selatan,83.66,86.45,84.19,85.14,85.33,57.96,61.46,63.29,65.28,63.84,,
492,Kota Ambon,70.24,71.17,70.65,73.91,74.83,46.07,48.25,50.55,49.37,49.87,,
493,Kota Tual,69.64,71.4,72.96,71.73,72.41,50.41,44.66,51.6,50,46.6,,
494,MALUKU UTARA,80.88,81.63,81.3,81.22,82.29,49.92,47.79,46.57,47.57,46.87,,
495,Halmahera Barat,83.71,81.24,82.55,82.85,82.95,47.08,45.23,46.08,46.25,57.06,,
496,Halmahera Tengah,87.79,85.67,86.17,82.28,86.83,42.46,44.67,50.52,42.88,54.1,,
497,Kepulauan Sula,81.96,80.42,79.91,79.72,80.91,48.57,50.01,38.87,47.83,35.54,,
498,Halmahera Selatan,87.26,86.65,84.81,84.95,86.57,58.33,53.1,51.13,52.24,47.72,,
499,Halmahera Utara,79.19,77.21,79.17,80.4,82.79,44.68,40.39,44,47.67,50.32,,
500,Halmahera Timur,87.2,82.83,84.39,84.85,86.95,58.54,50.14,45.45,42.12,46.81,,
501,Pulau Morotai,81.22,79.98,77.47,82.71,82.8,43,54.06,48.87,51.89,48.26,,
502,Pulau Taliabu,91.49,89.85,90.12,87.57,85.01,55.94,59.25,54.12,49.83,36.77,,
503,Kota Ternate,70.5,78.55,76.11,74.9,75.31,45.2,44.43,43.22,43.88,42.16,,
504,Kota Tidore Kepulauan,75.88,81.72,82.77,81.41,81,55,48.91,51.35,51.04,49.78,,
505,PAPUA BARAT,80.71,80.66,80.36,80.53,80.88,52.15,53.03,57.27,58.78,54.63,,
506,Fakfak,77.6,81.53,80.74,83.44,78.25,41.38,48.45,54.88,58.03,46.31,,
507,Kaimana,77.92,82.87,85.01,82.67,85.34,48.13,58.2,62.13,67.12,67.95,,
508,Teluk Wondama,76.44,82.77,85.35,82.43,85.01,46.37,54.45,64.32,65.98,58.05,,
509,Teluk Bintuni,88.23,82.77,81.73,76.73,83.12,49.79,45.43,53.34,55.07,54.16,,
510,Manokwari,78.5,81.07,82.15,83.09,79.24,46.92,50.5,56.52,58.05,46.09,,
511,Sorong Selatan,81.51,84.45,80.1,87.12,84.19,54.48,69.78,59.88,72.38,72.04,,
512,Sorong,82.58,83.36,73.26,81.65,82.67,46.6,48.7,53.75,54.14,49.18,,
513,Raja Ampat,86.48,81.35,82.9,78.43,78.77,44.61,51.29,58.98,52.49,42.46,,
514,Tambrauw,86.92,87.28,86.76,84.62,83.42,76.95,63.36,59.24,65.94,73.82,,
515,Maybrat,78.68,76.28,82.84,84.83,84.34,63.52,68.45,73.63,78.19,78.42,,
516,Manokwari Selatan,84.77,86.74,87.39,89.22,83.49,69.28,74.97,77.61,79.61,70.83,,
517,Pegunungan Arfak,85.14,94.47,96.2,95.35,94.32,92.02,88.95,94.55,94.05,93.19,,
518,Kota Sorong,79.74,75.25,75.9,73.7,77.3,53.78,45.39,48.36,47.92,48.28,,
519,PAPUA,86.44,85.99,79.84,86.41,85.49,70.53,66.72,63.47,69.1,69.09,,
520,Merauke,82.51,83.81,84.47,82.92,75.8,54.66,49.82,54.3,57.35,47.89,,
521,Jayawijaya,92.05,88.61,87.62,89.66,91.33,87.05,82.34,75.98,78.16,83.24,,
522,Jayapura,77.14,78.25,74.2,80.38,75.66,60.72,51.81,51.7,53.91,53.27,,
523,Nabire,85.51,82.5,87.55,85.67,83.92,56.63,54.92,58.5,58.33,54.74,,
524,Kepulauan Yapen,78.56,80.04,67.31,74.01,80.09,47.45,59.54,52.93,53.51,56.17,,
525,Biak Numfor,75.32,73.25,70.95,78.44,82.09,45.34,45.56,56.21,60.02,62.05,,
526,Paniai,92.89,88.66,64.78,90.27,85.4,84.75,85.06,50.99,88.07,69.89,,
527,Puncak Jaya,91.94,90.9,95.99,95.52,96.43,93.36,58.67,71.73,86.53,95.18,,
528,Mimika,87.24,86.5,81.22,84.12,86.51,43.28,36.88,38.84,38.09,46.8,,
529,Boven Digoel,90.03,87.59,89.41,89.88,85.94,69.55,58.68,58.8,67.25,62.89,,
530,Mappi,89.78,83.21,80.11,78.7,79.66,65.08,53.9,47.58,43.58,40.53,,
531,Asmat,86.43,91.77,87.89,89.4,85.65,78.55,75.85,75.28,72.72,74.9,,
532,Yahukimo,90.99,92.68,92.9,93.93,95.42,78.94,70.93,78.07,76.23,85.49,,
533,Pegunungan Bintang,90.05,93.31,87.77,90.72,87.51,84.01,87.96,84.92,84.64,94.15,,
534,Tolikara,95.1,92.17,92.72,91.52,89.57,95.57,91.96,93.18,89.57,89.18,,
535,Sarmi,85.41,79.42,83.31,79.92,81.46,55.5,43.03,47.88,55.12,54.19,,
536,Keerom,87.6,87.81,86.95,87.51,87.29,57.04,62.39,64.48,64.04,59.58,,
537,Waropen,80.2,82.07,81,80.48,82.69,35.01,33.21,38.33,30.71,29.72,,
538,Supiori,77.28,83.04,77.99,77.48,76.36,37.99,50.82,60.38,59.42,46.08,,
539,Mamberamo Raya,87.92,89.04,78.41,90.84,86.58,48.45,52.6,44.22,41.91,38.89,,
540,Nduga,91.27,97,95.44,97.05,94.03,93.52,93.58,97.24,99,91.11,,
541,Lanny Jaya,93.32,90.93,29.01,93.92,97.72,92.29,94.81,45.32,97.71,97.32,,
542,Mamberamo Tengah,95.23,89.6,68.94,95.56,95.5,96.18,97.04,93.56,96.17,98.28,,
543,Yalimo,85.02,90.17,89.46,93.58,90.8,87.7,89.15,88.49,93.8,89.96,,
544,Puncak,93.82,87.25,88.78,91.25,98.55,94.54,70.9,82.79,87.4,96.26,,
545,Dogiyai,88.34,91.57,84.49,84.39,79.72,84.09,88.72,80.51,72.18,83.96,,
546,Intan Jaya,83.51,88.11,82.57,84.46,88.3,64.56,76.61,55.57,67.01,71.57,,
547,Deiyai,91.2,91.25,89.76,90.8,84.07,88.42,93.97,89.54,78.86,58.49,,
548,Kota Jayapura,73.72,75.3,74.26,75.02,70.18,52.18,48.15,50.07,50.7,49.59,,

